Wikipedia, the free encyclopedia; Main Page; /wiki/Wikipedia
Wikipedia - Wikipedia; Wikipedia; /wiki/Main_Page
Wikipedia, the free encyclopedia; Main Page; /wiki/Free_content
Free content - Wikipedia; Free content; /wiki/Definition_of_Free_Cultural_Works
Definition of Free Cultural Works - Wikipedia; Definition of Free Cultural Works; /wiki/Free_content_movement
Free-culture movement - Wikipedia; Free-culture movement; /wiki/Free_culture_(disambiguation)
Free Culture - Wikipedia; Free Culture; /wiki/Free_Culture_(book)
Free Culture (book) - Wikipedia; Free Culture (book); /wiki/Lawrence_Lessig
Lawrence Lessig - Wikipedia; Lawrence Lessig; /wiki/Lawrence_Lessing
Lawrence Lessing - Wikipedia; Lawrence Lessing; /wiki/Science_writer
Science journalism - Wikipedia; Science journalism; /wiki/Scientific_journalism
Scientific journalism - Wikipedia; Scientific journalism; /wiki/Science_journalism
Science journalism - Wikipedia; Science journalism; /wiki/Scientific_writing
Scientific writing - Wikipedia; Scientific writing; /wiki/Science_writing
Science journalism - Wikipedia; Science journalism; /wiki/Science_communication
Science communication - Wikipedia; Science communication; /wiki/Science_publishing
Scientific literature - Wikipedia; Scientific literature; /wiki/Medical_literature
Medical literature - Wikipedia; Medical literature; /wiki/Edwin_Smith_Papyrus
Edwin Smith Papyrus - Wikipedia; Edwin Smith Papyrus; /wiki/New_York_Academy_of_Medicine
New York Academy of Medicine - Wikipedia; New York Academy of Medicine; /wiki/Eclecticism_in_architecture
Eclecticism in architecture - Wikipedia; Eclecticism in architecture; /wiki/Basilica
Basilica - Wikipedia; Basilica; /wiki/Basilicas_in_the_Catholic_Church
Basilicas in the Catholic Church - Wikipedia; Basilicas in the Catholic Church; /wiki/List_of_Catholic_basilicas
List of Catholic basilicas - Wikipedia; List of Catholic basilicas; /wiki/Catholic_Church
Catholic Church - Wikipedia; Catholic Church; /wiki/Catholic_Church_(disambiguation)
Catholic Church (disambiguation) - Wikipedia; Catholic Church (disambiguation); /wiki/Catholic_(disambiguation)
Catholic (disambiguation) - Wikipedia; Catholic (disambiguation); /wiki/Latin_Church
Latin Church - Wikipedia; Latin Church; /wiki/Latin_Christian_music
Latin Christian music - Wikipedia; Latin Christian music; /wiki/Latin_music_(genre)
Latin music - Wikipedia; Latin music; /wiki/Music_of_Latin_America
Music of Latin America - Wikipedia; Music of Latin America; /wiki/Latin_dance
Latin dance - Wikipedia; Latin dance; /wiki/Massachusetts_Institute_of_Technology
Massachusetts Institute of Technology - Wikipedia; Massachusetts Institute of Technology; /wiki/MIT_(disambiguation)
MIT (disambiguation) - Wikipedia; MIT (disambiguation); /wiki/MIT
Massachusetts Institute of Technology - Wikipedia; Massachusetts Institute of Technology; /wiki/Latin
Latin - Wikipedia; Latin; /wiki/Latin_(disambiguation)
Latin (disambiguation) - Wikipedia; Latin (disambiguation); /wiki/Latins
Latins - Wikipedia; Latins; /wiki/Languages_of_Europe#Latin
Languages of Europe - Wikipedia; Languages of Europe; /wiki/Ethnic_groups_in_Europe
Ethnic groups in Europe - Wikipedia; Ethnic groups in Europe; /wiki/European_(disambiguation)
European - Wikipedia; European; /wiki/Europe
Europe - Wikipedia; Europe; /wiki/Europe_(disambiguation)
Europe (disambiguation) - Wikipedia; Europe (disambiguation); /wiki/Continental_Europe
Continental Europe - Wikipedia; Continental Europe; /wiki/Continent_(disambiguation)
Continent (disambiguation) - Wikipedia; Continent (disambiguation); /wiki/Continent
Continent - Wikipedia; Continent; /wiki/Boundaries_between_the_continents_of_Earth
Boundaries between the continents of Earth - Wikipedia; Boundaries between the continents of Earth; /wiki/Americas
Americas - Wikipedia; Americas; /wiki/America_(disambiguation)
America (disambiguation) - Wikipedia; America (disambiguation); /wiki/America
United States - Wikipedia; United States; /wiki/US_(disambiguation)
Us - Wikipedia; Us; /wiki/United_States_of_America
United States - Wikipedia; United States; /wiki/USA_(disambiguation)
USA (disambiguation) - Wikipedia; USA (disambiguation); /wiki/USA
